ID,功能名,优先级,模块,状态,备注
H-01,Header导航,P0,首页,✅ 完成,Header组件含Sticky+blur，响应式菜单
H-02,Hero区域,P0,首页,✅ 完成,熊猫SVG场景+CTA按钮+统计数据
H-03,模块9卡片网格,P0,首页,✅ 完成,3×3彩色网格
H-04,新着記事+TOP10,P0,首页,✅ 完成,文章列表+排行榜
H-05,Footer,P0,首页,✅ 完成,4列响应式
H-06,响应式布局,P0,首页,✅ 完成,4断点适配
H-07,SEO基础,P0,首页,✅ 完成,OGP/Sitemap/JSON-LD
H-08,案件跑马灯,P1,首页,✅ 完成,滚动显示最新案件
H-09,学习路径展示,P1,首页,✅ 完成,3条路径卡片
H-10,Newsletter表单,P1,首页,❌ 未实现,Mailchimp连携未完成
C-01,文章CPT注册,P0,内容,✅ 完成,含11个CPT
C-02,文章详情页,P0,内容,✅ 完成,Hero+TOC+Reaction
C-03,模块分类页,P0,内容,✅ 完成,筛选+卡片网格
C-04,难度筛选,P0,内容,✅ 完成,初/中/上
C-05,主题筛选,P0,内容,✅ 完成,4主题筛选
C-06,面包屑导航,P0,内容,✅ 完成,层级导航
C-07,排序切换,P1,内容,✅ 完成,新着/人気/難易度
C-08,文章搜索,P1,内容,✅ 完成,关键词搜索
C-09,panda_dialog Block,P1,内容,✅ 完成,ACF Block
C-10,callout-box Block,P2,内容,✅ 完成,提示/警告框
C-11,student_dialog Block,P2,内容,✅ 完成,学生对话框
C-12,知识库CPT,P3,内容,✅ 完成,知识条目管理
L-01,每日一题(Quiz),P1,学习,✅ 完成,CPT+交互+解析
L-02,学习路径CPT,P1,学习,✅ 完成,+步骤Repeater
L-03,学习进度追踪,P2,学习,✅ 完成,后端+前端
L-04,文章收藏,P2,学习,✅ 完成,书签功能
L-05,Quiz答题记录,P2,学习,✅ 完成,历史+正确率
L-06,修了证书PDF,P3,学习,❌ 未开始,TCPDF未实现
L-07,上司确认流程,P3,学习,❌ 未开始
J-01,案件CPT注册,P1,案件,✅ 完成,完整字段
J-02,案件卡片列表,P1,案件,✅ 完成,2列网格
J-03,案件详情模态框,P1,案件,✅ 完成,模态展示
J-04,案件投递表单,P1,案件,✅ 完成,文件上传
J-05,技能匹配筛选,P2,案件,✅ 完成,9模块多选
J-06,投递记录管理,P2,案件,✅ 完成,后台查看
J-07,案件管理后台,P3,案件,✅ 完成,CRUD管理
J-08,非公開案件,P3,案件,❌ 未开始
V-01,YouTube区域,P1,视频,✅ 完成,暗色背景网格
V-02,视频数据管理,P1,视频,✅ 完成,ACF管理
AI-01,AI问答基础,P3,AI,❌ 未开始,OpenAI API未接続
AI-02,事务码查询,P3,AI,❌ 未开始
AI-03,RAG知识库,P3,AI,❌ 未开始
U-01,用户注册,P2,用户,✅ 完成,邮箱/密码
U-02,用户登录(JWT),P2,用户,✅ 完成,完整JWT流程
U-03,个人资料页面,P2,用户,✅ 完成,学习统计
U-04,积分系统,P3,用户,✅ 完成,后端+前端
U-05,会员订阅,P3,用户,⚠️ 部分完成,Stripe未集成
U-06,积分排行榜,P3,用户,❌ 未开始
U-07,部门统计排行,P3,用户,❌ 未开始
X-01,CSS设计变量,P0,体验,✅ 完成
X-02,竹林主题,P0,体验,✅ 完成,默认配色
X-03,温暖主题,P0,体验,✅ 完成,可选
X-04,清新主题,P0,体验,✅ 完成,可选
X-05,熊猫SVG动画,P0,体验,✅ 完成,眨眼/浮动
X-06,hover微交互,P0,体验,✅ 完成
X-07,浮动熊猫助手,P2,体验,✅ 完成
I-01,文章Reaction,P1,互动,✅ 完成,4emoji
I-02,SNS分享,P2,互动,❌ 未实现
I-03,文章评论,P2,互动,❌ 未实现
I-04,文章保存,P2,互动,✅ 完成,书签
M-01,主题切换,P2,管理,✅ 完成,3主题+字号
M-02,React管理后台,P3,管理,✅ 完成,35页面
M-03,用户管理,P3,管理,✅ 完成,列表+角色
M-04,内容统计,P3,管理,❌ 未开始
M-05,全站分析仪表盘,P3,管理,✅ 完成,Dashboard
